--
-- PostgreSQL database dump
--

-- Dumped from database version 16.3 (Debian 16.3-1.pgdg120+1)
-- Dumped by pg_dump version 16.3 (Debian 16.3-1.pgdg120+1)

SET statement_timeout = 0;
SET lock_timeout = 0;
SET idle_in_transaction_session_timeout = 0;
SET client_encoding = 'UTF8';
SET standard_conforming_strings = on;
SELECT pg_catalog.set_config('search_path', '', false);
SET check_function_bodies = false;
SET xmloption = content;
SET client_min_messages = warning;
SET row_security = off;

--
-- Name: public; Type: SCHEMA; Schema: -; Owner: johndoe
--

-- *not* creating schema, since initdb creates it


ALTER SCHEMA public OWNER TO johndoe;

--
-- Name: SCHEMA public; Type: COMMENT; Schema: -; Owner: johndoe
--

COMMENT ON SCHEMA public IS '';


SET default_tablespace = '';

SET default_table_access_method = heap;

--
-- Name: Quote; Type: TABLE; Schema: public; Owner: johndoe
--

CREATE TABLE public."Quote" (
    "Id" integer NOT NULL,
    "SymbolId" integer NOT NULL,
    "Time" timestamp(3) without time zone NOT NULL,
    "Price" numeric(14,6) NOT NULL,
    "RecordedAt" timestamp(3) without time zone DEFAULT CURRENT_TIMESTAMP NOT NULL
);


ALTER TABLE public."Quote" OWNER TO johndoe;

--
-- Name: Quote_Id_seq; Type: SEQUENCE; Schema: public; Owner: johndoe
--

CREATE SEQUENCE public."Quote_Id_seq"
    AS integer
    START WITH 1
    INCREMENT BY 1
    NO MINVALUE
    NO MAXVALUE
    CACHE 1;


ALTER SEQUENCE public."Quote_Id_seq" OWNER TO johndoe;

--
-- Name: Quote_Id_seq; Type: SEQUENCE OWNED BY; Schema: public; Owner: johndoe
--

ALTER SEQUENCE public."Quote_Id_seq" OWNED BY public."Quote"."Id";


--
-- Name: Symbol; Type: TABLE; Schema: public; Owner: johndoe
--

CREATE TABLE public."Symbol" (
    "Id" integer NOT NULL,
    "Name" text NOT NULL,
    "Symbol" text NOT NULL,
    "Slug" text NOT NULL
);


ALTER TABLE public."Symbol" OWNER TO johndoe;

--
-- Name: Symbol_Id_seq; Type: SEQUENCE; Schema: public; Owner: johndoe
--

CREATE SEQUENCE public."Symbol_Id_seq"
    AS integer
    START WITH 1
    INCREMENT BY 1
    NO MINVALUE
    NO MAXVALUE
    CACHE 1;


ALTER SEQUENCE public."Symbol_Id_seq" OWNER TO johndoe;

--
-- Name: Symbol_Id_seq; Type: SEQUENCE OWNED BY; Schema: public; Owner: johndoe
--

ALTER SEQUENCE public."Symbol_Id_seq" OWNED BY public."Symbol"."Id";


--
-- Name: User; Type: TABLE; Schema: public; Owner: johndoe
--

CREATE TABLE public."User" (
    id integer NOT NULL,
    key text NOT NULL
);


ALTER TABLE public."User" OWNER TO johndoe;

--
-- Name: User_id_seq; Type: SEQUENCE; Schema: public; Owner: johndoe
--

CREATE SEQUENCE public."User_id_seq"
    AS integer
    START WITH 1
    INCREMENT BY 1
    NO MINVALUE
    NO MAXVALUE
    CACHE 1;


ALTER SEQUENCE public."User_id_seq" OWNER TO johndoe;

--
-- Name: User_id_seq; Type: SEQUENCE OWNED BY; Schema: public; Owner: johndoe
--

ALTER SEQUENCE public."User_id_seq" OWNED BY public."User".id;


--
-- Name: _prisma_migrations; Type: TABLE; Schema: public; Owner: johndoe
--

CREATE TABLE public._prisma_migrations (
    id character varying(36) NOT NULL,
    checksum character varying(64) NOT NULL,
    finished_at timestamp with time zone,
    migration_name character varying(255) NOT NULL,
    logs text,
    rolled_back_at timestamp with time zone,
    started_at timestamp with time zone DEFAULT now() NOT NULL,
    applied_steps_count integer DEFAULT 0 NOT NULL
);


ALTER TABLE public._prisma_migrations OWNER TO johndoe;

--
-- Name: Quote Id; Type: DEFAULT; Schema: public; Owner: johndoe
--

ALTER TABLE ONLY public."Quote" ALTER COLUMN "Id" SET DEFAULT nextval('public."Quote_Id_seq"'::regclass);


--
-- Name: Symbol Id; Type: DEFAULT; Schema: public; Owner: johndoe
--

ALTER TABLE ONLY public."Symbol" ALTER COLUMN "Id" SET DEFAULT nextval('public."Symbol_Id_seq"'::regclass);


--
-- Name: User id; Type: DEFAULT; Schema: public; Owner: johndoe
--

ALTER TABLE ONLY public."User" ALTER COLUMN id SET DEFAULT nextval('public."User_id_seq"'::regclass);


--
-- Data for Name: Quote; Type: TABLE DATA; Schema: public; Owner: johndoe
--

COPY public."Quote" ("Id", "SymbolId", "Time", "Price", "RecordedAt") FROM stdin;
1	1	2024-06-05 18:18:00	71253.908634	2024-06-05 18:28:50.165
2	3	2024-06-05 18:18:00	0.163420	2024-06-05 18:28:50.165
3	2	2024-06-05 18:17:00	3856.670607	2024-06-05 18:28:50.165
4	1	2024-06-05 18:27:00	71187.544084	2024-06-05 18:29:17.395
5	3	2024-06-05 18:27:00	0.163540	2024-06-05 18:29:17.401
6	2	2024-06-05 18:26:00	3865.953061	2024-06-05 18:29:17.404
7	1	2024-06-05 18:33:00	71157.007389	2024-06-05 18:33:55.108
8	3	2024-06-05 18:33:00	0.163576	2024-06-05 18:33:55.115
9	2	2024-06-05 18:32:00	3859.691020	2024-06-05 18:33:55.117
10	1	2024-06-05 18:33:00	71157.007389	2024-06-05 18:34:57.077
11	3	2024-06-05 18:33:00	0.163576	2024-06-05 18:34:57.081
12	2	2024-06-05 18:33:00	3861.070417	2024-06-05 18:34:57.083
13	1	2024-06-05 18:35:00	71209.900845	2024-06-05 18:35:59.27
14	3	2024-06-05 18:35:00	0.163627	2024-06-05 18:35:59.277
15	2	2024-06-05 18:34:00	3862.317836	2024-06-05 18:35:59.279
16	1	2024-06-05 18:36:00	71183.094712	2024-06-05 18:37:01.908
17	3	2024-06-05 18:36:00	0.163614	2024-06-05 18:37:01.915
18	2	2024-06-05 18:35:00	3865.353030	2024-06-05 18:37:01.917
19	1	2024-06-05 18:36:00	71183.094712	2024-06-05 18:38:03.978
20	3	2024-06-05 18:37:00	0.163575	2024-06-05 18:38:03.985
21	2	2024-06-05 18:36:00	3865.431228	2024-06-05 18:38:03.987
22	1	2024-06-05 18:38:00	71095.938795	2024-06-05 18:39:06.163
23	3	2024-06-05 18:38:00	0.163565	2024-06-05 18:39:06.167
24	2	2024-06-05 18:37:00	3863.916748	2024-06-05 18:39:06.169
25	1	2024-06-05 18:39:00	71108.112517	2024-06-05 18:40:08.153
26	3	2024-06-05 18:39:00	0.163564	2024-06-05 18:40:08.159
27	2	2024-06-05 18:38:00	3861.312299	2024-06-05 18:40:08.161
28	1	2024-06-05 18:39:00	71108.112517	2024-06-05 18:41:10.293
29	3	2024-06-05 18:39:00	0.163564	2024-06-05 18:41:10.298
30	2	2024-06-05 18:38:00	3861.312299	2024-06-05 18:41:10.301
31	1	2024-06-05 18:41:00	71083.691530	2024-06-05 18:42:12.482
32	3	2024-06-05 18:41:00	0.163533	2024-06-05 18:42:12.693
33	2	2024-06-05 18:40:00	3865.006362	2024-06-05 18:42:12.758
34	1	2024-06-05 18:42:00	71084.458519	2024-06-05 18:43:14.866
35	3	2024-06-05 18:42:00	0.163518	2024-06-05 18:43:14.873
36	2	2024-06-05 18:41:00	3863.383863	2024-06-05 18:43:14.875
37	1	2024-06-05 18:43:00	71069.653137	2024-06-05 18:44:16.976
38	3	2024-06-05 18:43:00	0.163427	2024-06-05 18:44:16.979
39	2	2024-06-05 18:42:00	3861.589940	2024-06-05 18:44:16.981
40	1	2024-06-05 18:44:00	71046.347585	2024-06-05 18:45:19.095
41	3	2024-06-05 18:44:00	0.163368	2024-06-05 18:45:19.101
42	2	2024-06-05 18:43:00	3860.516857	2024-06-05 18:45:19.103
43	1	2024-06-05 18:45:00	71072.109093	2024-06-05 18:46:22.451
44	3	2024-06-05 18:45:00	0.163357	2024-06-05 18:46:22.458
45	2	2024-06-05 18:44:00	3858.405876	2024-06-05 18:46:22.46
46	1	2024-06-05 18:45:00	71072.109093	2024-06-05 18:47:24.582
47	3	2024-06-05 18:46:00	0.163240	2024-06-05 18:47:24.589
48	2	2024-06-05 18:45:00	3859.914397	2024-06-05 18:47:24.591
49	1	2024-06-05 18:47:00	70977.790678	2024-06-05 18:48:26.798
50	3	2024-06-05 18:47:00	0.163202	2024-06-05 18:48:26.805
51	2	2024-06-05 18:46:00	3857.749044	2024-06-05 18:48:26.807
52	1	2024-06-05 18:48:00	70960.553912	2024-06-05 18:49:29.129
53	3	2024-06-05 18:48:00	0.163192	2024-06-05 18:49:29.133
54	2	2024-06-05 18:47:00	3849.590162	2024-06-05 18:49:29.135
55	1	2024-06-05 18:48:00	70960.553912	2024-06-05 18:50:31.293
56	3	2024-06-05 18:49:00	0.162828	2024-06-05 18:50:31.3
57	2	2024-06-05 18:48:00	3847.302139	2024-06-05 18:50:31.303
58	1	2024-06-05 18:50:00	70938.536592	2024-06-05 18:51:33.419
59	3	2024-06-05 18:50:00	0.162787	2024-06-05 18:51:33.425
60	2	2024-06-05 18:49:00	3846.491351	2024-06-05 18:51:33.428
61	1	2024-06-05 18:51:00	70972.493299	2024-06-05 18:52:35.471
62	3	2024-06-05 18:51:00	0.162787	2024-06-05 18:52:35.477
63	2	2024-06-05 18:50:00	3841.734171	2024-06-05 18:52:35.48
64	1	2024-06-05 18:51:00	70972.493299	2024-06-05 18:53:37.735
65	3	2024-06-05 18:51:00	0.162787	2024-06-05 18:53:37.74
66	2	2024-06-05 18:50:00	3841.734171	2024-06-05 18:53:37.742
67	1	2024-06-05 18:53:00	71052.475136	2024-06-05 18:54:40.018
68	3	2024-06-05 18:53:00	0.162884	2024-06-05 18:54:40.023
69	2	2024-06-05 18:52:00	3842.622897	2024-06-05 18:54:40.026
70	1	2024-06-05 18:54:00	71048.437666	2024-06-05 18:55:42.217
71	3	2024-06-05 18:54:00	0.162887	2024-06-05 18:55:42.221
72	2	2024-06-05 18:53:00	3846.197619	2024-06-05 18:55:42.223
73	1	2024-06-05 18:56:00	71087.158974	2024-06-05 18:57:45.491
74	3	2024-06-05 18:56:00	0.163061	2024-06-05 18:57:45.538
75	2	2024-06-05 18:55:00	3847.119191	2024-06-05 18:57:45.54
76	1	2024-06-05 18:58:00	71135.236874	2024-06-05 18:58:48.457
77	3	2024-06-05 18:58:00	0.163183	2024-06-05 18:58:48.461
78	2	2024-06-05 18:57:00	3848.884967	2024-06-05 18:58:48.463
79	1	2024-06-05 18:59:00	71122.857829	2024-06-05 18:59:50.926
80	3	2024-06-05 18:59:00	0.163193	2024-06-05 18:59:50.933
81	2	2024-06-05 18:58:00	3848.968479	2024-06-05 18:59:50.935
82	1	2024-06-05 18:59:00	71122.857829	2024-06-05 19:00:53.302
83	3	2024-06-05 18:59:00	0.163193	2024-06-05 19:00:53.31
84	2	2024-06-05 18:58:00	3848.968479	2024-06-05 19:00:53.312
85	1	2024-06-05 19:00:00	71104.893654	2024-06-05 19:01:55.47
86	3	2024-06-05 19:01:00	0.163170	2024-06-05 19:01:55.476
87	2	2024-06-05 19:00:00	3846.736788	2024-06-05 19:01:55.479
88	1	2024-06-05 19:02:00	71112.544570	2024-06-05 19:02:57.705
89	3	2024-06-05 19:02:00	0.163176	2024-06-05 19:02:57.712
90	2	2024-06-05 19:01:00	3847.414426	2024-06-05 19:02:57.714
91	1	2024-06-05 19:03:00	71158.017084	2024-06-05 19:03:59.793
92	3	2024-06-05 19:03:00	0.163181	2024-06-05 19:03:59.8
93	2	2024-06-05 19:02:00	3847.842901	2024-06-05 19:03:59.803
94	1	2024-06-05 19:03:00	71158.017084	2024-06-05 19:05:02.022
95	3	2024-06-05 19:03:00	0.163181	2024-06-05 19:05:02.031
96	2	2024-06-05 19:02:00	3847.842901	2024-06-05 19:05:02.033
97	1	2024-06-05 19:06:00	71095.072942	2024-06-05 19:08:09.612
98	3	2024-06-05 19:06:00	0.163203	2024-06-05 19:08:09.616
99	2	2024-06-05 19:05:00	3851.588698	2024-06-05 19:08:09.618
100	1	2024-06-05 19:08:00	71023.451291	2024-06-05 19:09:11.879
101	3	2024-06-05 19:08:00	0.163107	2024-06-05 19:09:11.886
102	2	2024-06-05 19:07:00	3850.106261	2024-06-05 19:09:11.888
103	1	2024-06-05 19:09:00	70996.197720	2024-06-05 19:10:14.185
104	3	2024-06-05 19:09:00	0.163069	2024-06-05 19:10:14.191
105	2	2024-06-05 19:08:00	3846.264544	2024-06-05 19:10:14.193
106	1	2024-06-05 19:09:00	70996.197720	2024-06-05 19:11:16.375
107	3	2024-06-05 19:10:00	0.162921	2024-06-05 19:11:16.38
108	2	2024-06-05 19:09:00	3847.030418	2024-06-05 19:11:16.383
109	1	2024-06-05 19:09:00	70996.197720	2024-06-05 19:12:18.505
110	3	2024-06-05 19:10:00	0.162921	2024-06-05 19:12:18.514
111	2	2024-06-05 19:09:00	3847.030418	2024-06-05 19:12:18.516
112	1	2024-06-05 19:12:00	70968.519839	2024-06-05 19:13:20.525
113	3	2024-06-05 19:12:00	0.162858	2024-06-05 19:13:20.53
114	2	2024-06-05 19:11:00	3843.461149	2024-06-05 19:13:20.532
115	1	2024-06-05 19:13:00	70899.261820	2024-06-05 19:14:23.541
116	3	2024-06-05 19:13:00	0.162710	2024-06-05 19:14:23.549
117	2	2024-06-05 19:12:00	3840.499916	2024-06-05 19:14:23.551
118	1	2024-06-05 19:14:00	70930.343883	2024-06-05 19:15:25.699
119	3	2024-06-05 19:14:00	0.162703	2024-06-05 19:15:25.706
120	2	2024-06-05 19:13:00	3836.585604	2024-06-05 19:15:25.708
121	1	2024-06-05 19:15:00	70942.144436	2024-06-05 19:16:27.891
122	3	2024-06-05 19:15:00	0.162701	2024-06-05 19:16:27.897
123	2	2024-06-05 19:14:00	3840.018301	2024-06-05 19:16:27.899
124	1	2024-06-05 19:15:00	70942.144436	2024-06-05 19:17:30.038
125	3	2024-06-05 19:15:00	0.162701	2024-06-05 19:17:30.084
126	2	2024-06-05 19:14:00	3840.018301	2024-06-05 19:17:30.086
127	1	2024-06-05 19:17:00	70914.115850	2024-06-05 19:18:32.318
128	3	2024-06-05 19:17:00	0.162612	2024-06-05 19:18:32.325
129	2	2024-06-05 19:16:00	3839.893373	2024-06-05 19:18:32.327
130	1	2024-06-05 19:18:00	70922.217496	2024-06-05 19:19:34.488
131	3	2024-06-05 19:18:00	0.162613	2024-06-05 19:19:34.496
132	2	2024-06-05 19:17:00	3838.583503	2024-06-05 19:19:34.499
133	1	2024-06-05 19:19:00	70933.466481	2024-06-05 19:20:36.729
134	3	2024-06-05 19:19:00	0.162600	2024-06-05 19:20:36.733
135	2	2024-06-05 19:18:00	3838.235634	2024-06-05 19:20:36.735
136	1	2024-06-05 19:20:00	70958.381109	2024-06-05 19:21:38.988
137	3	2024-06-05 19:20:00	0.162618	2024-06-05 19:21:38.992
138	2	2024-06-05 19:19:00	3838.640780	2024-06-05 19:21:38.994
139	1	2024-06-05 19:21:00	70985.860248	2024-06-05 19:22:41.155
140	3	2024-06-05 19:21:00	0.162634	2024-06-05 19:22:41.161
141	2	2024-06-05 19:20:00	3839.349455	2024-06-05 19:22:41.163
142	1	2024-06-05 19:21:00	70985.860248	2024-06-05 19:23:43.329
143	3	2024-06-05 19:21:00	0.162634	2024-06-05 19:23:43.332
144	2	2024-06-05 19:21:00	3841.831683	2024-06-05 19:23:43.334
145	1	2024-06-05 19:24:00	70997.303463	2024-06-05 19:24:45.452
146	3	2024-06-05 19:24:00	0.162793	2024-06-05 19:24:45.459
147	2	2024-06-05 19:23:00	3843.987024	2024-06-05 19:24:45.461
148	1	2024-06-05 19:24:00	70997.303463	2024-06-05 19:25:47.602
149	3	2024-06-05 19:24:00	0.162793	2024-06-05 19:25:47.609
150	2	2024-06-05 19:23:00	3843.987024	2024-06-05 19:25:47.611
151	1	2024-06-05 19:24:00	70997.303463	2024-06-05 19:26:49.651
152	3	2024-06-05 19:25:00	0.162837	2024-06-05 19:26:49.657
153	2	2024-06-05 19:24:00	3844.738866	2024-06-05 19:26:49.659
154	1	2024-06-05 19:26:00	70975.525079	2024-06-05 19:27:51.822
155	3	2024-06-05 19:26:00	0.162825	2024-06-05 19:27:51.827
156	2	2024-06-05 19:25:00	3845.340730	2024-06-05 19:27:51.83
157	1	2024-06-05 19:27:00	70938.627954	2024-06-05 19:28:54.045
158	3	2024-06-05 19:27:00	0.162820	2024-06-05 19:28:54.052
159	2	2024-06-05 19:26:00	3845.439206	2024-06-05 19:28:54.054
160	1	2024-06-05 19:29:00	70910.213421	2024-06-05 19:29:56.134
161	3	2024-06-05 19:29:00	0.162783	2024-06-05 19:29:56.141
162	2	2024-06-05 19:28:00	3841.443983	2024-06-05 19:29:56.143
163	1	2024-06-05 19:30:00	70931.867296	2024-06-05 19:30:58.349
164	3	2024-06-05 19:30:00	0.162784	2024-06-05 19:30:58.355
165	2	2024-06-05 19:29:00	3840.982112	2024-06-05 19:30:58.357
166	1	2024-06-05 19:30:00	70931.867296	2024-06-05 19:32:00.538
167	3	2024-06-05 19:31:00	0.162726	2024-06-05 19:32:00.545
168	2	2024-06-05 19:30:00	3841.980609	2024-06-05 19:32:00.547
169	1	2024-06-05 19:32:00	70938.215033	2024-06-05 19:33:02.818
170	3	2024-06-05 19:32:00	0.162724	2024-06-05 19:33:02.824
171	2	2024-06-05 19:31:00	3844.181589	2024-06-05 19:33:02.826
172	1	2024-06-05 19:32:00	70938.215033	2024-06-05 19:34:04.792
173	3	2024-06-05 19:32:00	0.162724	2024-06-05 19:34:04.8
174	2	2024-06-05 19:31:00	3844.181589	2024-06-05 19:34:04.802
175	1	2024-06-05 19:34:00	70965.506600	2024-06-05 19:35:06.947
176	3	2024-06-05 19:34:00	0.162826	2024-06-05 19:35:06.953
177	2	2024-06-05 19:33:00	3845.199797	2024-06-05 19:35:06.955
178	1	2024-06-05 19:35:00	71003.290026	2024-06-05 19:36:09.164
179	3	2024-06-05 19:35:00	0.162855	2024-06-05 19:36:09.171
180	2	2024-06-05 19:34:00	3846.309234	2024-06-05 19:36:09.173
181	1	2024-06-05 19:36:00	70985.486283	2024-06-05 19:37:11.388
182	3	2024-06-05 19:36:00	0.162857	2024-06-05 19:37:11.394
183	2	2024-06-05 19:35:00	3849.239718	2024-06-05 19:37:11.396
184	1	2024-06-05 19:36:00	70985.486283	2024-06-05 19:38:13.652
185	3	2024-06-05 19:36:00	0.162857	2024-06-05 19:38:13.657
186	2	2024-06-05 19:35:00	3849.239718	2024-06-05 19:38:13.659
187	1	2024-06-05 19:38:00	71041.773801	2024-06-05 19:39:15.87
188	3	2024-06-05 19:38:00	0.162899	2024-06-05 19:39:15.878
189	2	2024-06-05 19:37:00	3849.279186	2024-06-05 19:39:15.88
190	1	2024-06-05 19:39:00	71056.972083	2024-06-05 19:40:18.054
191	3	2024-06-05 19:39:00	0.162905	2024-06-05 19:40:18.061
192	2	2024-06-05 19:38:00	3850.696514	2024-06-05 19:40:18.062
193	1	2024-06-05 19:39:00	71056.972083	2024-06-05 19:41:20.381
194	3	2024-06-05 19:39:00	0.162905	2024-06-05 19:41:20.388
195	2	2024-06-05 19:38:00	3850.696514	2024-06-05 19:41:20.39
196	1	2024-06-05 19:41:00	71117.927787	2024-06-05 19:42:23.021
197	3	2024-06-05 19:41:00	0.163006	2024-06-05 19:42:23.029
198	2	2024-06-05 19:40:00	3850.630008	2024-06-05 19:42:23.03
199	1	2024-06-05 19:42:00	71129.358890	2024-06-05 19:43:25.175
200	3	2024-06-05 19:42:00	0.163006	2024-06-05 19:43:25.179
201	2	2024-06-05 19:41:00	3852.389040	2024-06-05 19:43:25.181
202	1	2024-06-05 19:43:00	71147.342892	2024-06-05 19:44:27.375
203	3	2024-06-05 19:43:00	0.163052	2024-06-05 19:44:27.384
204	2	2024-06-05 19:42:00	3853.079413	2024-06-05 19:44:27.387
205	1	2024-06-05 19:44:00	71151.587715	2024-06-05 19:45:29.584
206	3	2024-06-05 19:44:00	0.163073	2024-06-05 19:45:29.588
207	2	2024-06-05 19:43:00	3855.235880	2024-06-05 19:45:29.59
208	1	2024-06-05 19:45:00	71167.415665	2024-06-05 19:46:31.812
209	3	2024-06-05 19:45:00	0.163094	2024-06-05 19:46:31.819
210	2	2024-06-05 19:44:00	3856.031091	2024-06-05 19:46:31.821
211	1	2024-06-05 19:45:00	71167.415665	2024-06-05 19:47:34.005
212	3	2024-06-05 19:46:00	0.163196	2024-06-05 19:47:34.012
213	2	2024-06-05 19:45:00	3856.702993	2024-06-05 19:47:34.014
214	1	2024-06-05 19:47:00	71225.150564	2024-06-05 19:48:36.166
215	3	2024-06-05 19:47:00	0.163186	2024-06-05 19:48:36.17
216	2	2024-06-05 19:46:00	3858.878635	2024-06-05 19:48:36.172
217	1	2024-06-05 19:48:00	71260.989334	2024-06-05 19:49:38.415
218	3	2024-06-05 19:48:00	0.163198	2024-06-05 19:49:38.419
219	2	2024-06-05 19:47:00	3858.859437	2024-06-05 19:49:38.421
220	1	2024-06-05 19:48:00	71260.989334	2024-06-05 19:50:40.641
221	3	2024-06-05 19:49:00	0.163280	2024-06-05 19:50:40.648
222	2	2024-06-05 19:48:00	3862.064629	2024-06-05 19:50:40.65
223	1	2024-06-05 19:50:00	71240.326725	2024-06-05 19:51:42.821
224	3	2024-06-05 19:50:00	0.163301	2024-06-05 19:51:42.828
225	2	2024-06-05 19:49:00	3862.824669	2024-06-05 19:51:42.83
226	1	2024-06-05 19:51:00	71304.166817	2024-06-05 19:52:45.13
227	3	2024-06-05 19:51:00	0.163317	2024-06-05 19:52:45.136
228	2	2024-06-05 19:50:00	3867.798670	2024-06-05 19:52:45.138
229	1	2024-06-05 19:51:00	71304.166817	2024-06-05 19:53:47.348
230	3	2024-06-05 19:52:00	0.163373	2024-06-05 19:53:47.355
231	2	2024-06-05 19:51:00	3872.375474	2024-06-05 19:53:47.357
232	1	2024-06-05 19:54:00	71306.734832	2024-06-05 19:54:49.617
233	3	2024-06-05 19:54:00	0.163397	2024-06-05 19:54:49.624
234	2	2024-06-05 19:53:00	3874.063784	2024-06-05 19:54:49.627
235	1	2024-06-05 19:54:00	71306.734832	2024-06-05 19:55:51.715
236	3	2024-06-05 19:55:00	0.163433	2024-06-05 19:55:51.722
237	2	2024-06-05 19:54:00	3873.137459	2024-06-05 19:55:51.724
238	1	2024-06-05 19:56:00	71368.112816	2024-06-05 19:56:53.874
239	3	2024-06-05 19:56:00	0.163467	2024-06-05 19:56:53.88
240	2	2024-06-05 19:55:00	3872.448972	2024-06-05 19:56:53.882
241	1	2024-06-05 19:56:00	71368.112816	2024-06-05 19:57:56.144
242	3	2024-06-05 19:56:00	0.163467	2024-06-05 19:57:56.153
243	2	2024-06-05 19:55:00	3872.448972	2024-06-05 19:57:56.156
244	1	2024-06-05 19:58:00	71398.105253	2024-06-05 19:58:58.39
245	3	2024-06-05 19:58:00	0.163607	2024-06-05 19:58:58.393
246	2	2024-06-05 19:57:00	3875.390130	2024-06-05 19:58:58.396
247	1	2024-06-05 19:59:00	71339.005195	2024-06-05 20:00:00.624
248	3	2024-06-05 19:59:00	0.163610	2024-06-05 20:00:00.631
249	2	2024-06-05 19:58:00	3874.483800	2024-06-05 20:00:00.633
250	1	2024-06-05 20:00:00	71306.939006	2024-06-05 20:01:02.865
251	3	2024-06-05 20:00:00	0.163610	2024-06-05 20:01:02.872
252	2	2024-06-05 19:59:00	3873.637954	2024-06-05 20:01:02.875
253	1	2024-06-05 20:00:00	71306.939006	2024-06-05 20:02:04.855
254	3	2024-06-05 20:01:00	0.163688	2024-06-05 20:02:04.862
255	2	2024-06-05 20:00:00	3877.007182	2024-06-05 20:02:04.864
256	1	2024-06-05 20:02:00	71260.939569	2024-06-05 20:03:07.075
257	3	2024-06-05 20:02:00	0.163647	2024-06-05 20:03:07.081
258	2	2024-06-05 20:01:00	3884.256466	2024-06-05 20:03:07.083
259	1	2024-06-05 20:03:00	71200.321963	2024-06-05 20:04:09.251
260	3	2024-06-05 20:03:00	0.163600	2024-06-05 20:04:09.257
261	2	2024-06-05 20:02:00	3884.697041	2024-06-05 20:04:09.26
262	1	2024-06-05 20:03:00	71200.321963	2024-06-05 20:05:11.438
263	3	2024-06-05 20:03:00	0.163600	2024-06-05 20:05:11.444
264	2	2024-06-05 20:02:00	3884.697041	2024-06-05 20:05:11.447
265	1	2024-06-05 20:05:00	71198.874381	2024-06-05 20:06:13.496
266	3	2024-06-05 20:05:00	0.163487	2024-06-05 20:06:13.509
267	2	2024-06-05 20:04:00	3878.462960	2024-06-05 20:06:13.512
268	1	2024-06-05 20:06:00	71254.804894	2024-06-05 20:07:15.767
269	3	2024-06-05 20:06:00	0.163501	2024-06-05 20:07:15.77
270	2	2024-06-05 20:05:00	3875.055970	2024-06-05 20:07:15.772
271	1	2024-06-05 20:06:00	71254.804894	2024-06-05 20:08:18.129
272	3	2024-06-05 20:07:00	0.163557	2024-06-05 20:08:18.135
273	2	2024-06-05 20:06:00	3878.534421	2024-06-05 20:08:18.138
274	1	2024-06-05 20:08:00	71290.796258	2024-06-05 20:09:21.015
275	3	2024-06-05 20:08:00	0.163568	2024-06-05 20:09:21.022
276	2	2024-06-05 20:07:00	3880.248467	2024-06-05 20:09:21.024
277	1	2024-06-05 20:09:00	71307.551037	2024-06-05 20:10:23.267
278	3	2024-06-05 20:09:00	0.163602	2024-06-05 20:10:23.274
279	2	2024-06-05 20:08:00	3883.073822	2024-06-05 20:10:23.276
280	1	2024-06-05 20:09:00	71307.551037	2024-06-05 20:11:25.518
281	3	2024-06-05 20:10:00	0.163784	2024-06-05 20:11:25.524
282	2	2024-06-05 20:09:00	3884.783817	2024-06-05 20:11:25.526
283	1	2024-06-05 20:11:00	71271.622061	2024-06-05 20:12:27.706
284	3	2024-06-05 20:11:00	0.163775	2024-06-05 20:12:27.713
285	2	2024-06-05 20:10:00	3880.897079	2024-06-05 20:12:27.715
286	1	2024-06-05 20:12:00	71286.154578	2024-06-05 20:13:30.292
287	3	2024-06-05 20:12:00	0.163823	2024-06-05 20:13:30.3
288	2	2024-06-05 20:11:00	3878.656576	2024-06-05 20:13:30.302
289	1	2024-06-05 20:12:00	71286.154578	2024-06-05 20:14:32.432
290	3	2024-06-05 20:13:00	0.163855	2024-06-05 20:14:32.439
291	2	2024-06-05 20:12:00	3878.144282	2024-06-05 20:14:32.442
292	1	2024-06-05 20:14:00	71260.319420	2024-06-05 20:15:34.617
293	3	2024-06-05 20:14:00	0.163848	2024-06-05 20:15:34.624
294	2	2024-06-05 20:13:00	3876.569080	2024-06-05 20:15:34.627
295	1	2024-06-05 20:15:00	71249.931066	2024-06-05 20:16:36.755
296	3	2024-06-05 20:15:00	0.163855	2024-06-05 20:16:36.763
297	2	2024-06-05 20:14:00	3876.578836	2024-06-05 20:16:36.765
298	1	2024-06-05 20:15:00	71249.931066	2024-06-05 20:17:38.948
299	3	2024-06-05 20:16:00	0.163845	2024-06-05 20:17:38.955
300	2	2024-06-05 20:15:00	3875.245445	2024-06-05 20:17:38.959
301	1	2024-06-05 20:17:00	71238.856615	2024-06-05 20:18:41.746
302	3	2024-06-05 20:17:00	0.163811	2024-06-05 20:18:41.752
303	2	2024-06-05 20:16:00	3875.536534	2024-06-05 20:18:41.755
304	1	2024-06-05 20:18:00	71227.926952	2024-06-05 20:19:43.968
305	3	2024-06-05 20:18:00	0.163805	2024-06-05 20:19:43.975
306	2	2024-06-05 20:17:00	3870.912524	2024-06-05 20:19:43.977
307	1	2024-06-05 20:20:00	71308.935144	2024-06-05 20:20:46.044
308	3	2024-06-05 20:20:00	0.163697	2024-06-05 20:20:46.051
309	2	2024-06-05 20:19:00	3870.092294	2024-06-05 20:20:46.053
310	1	2024-06-05 20:21:00	71300.540803	2024-06-05 20:21:48.233
311	3	2024-06-05 20:21:00	0.163701	2024-06-05 20:21:48.238
312	2	2024-06-05 20:20:00	3871.991385	2024-06-05 20:21:48.24
313	1	2024-06-05 20:22:00	71301.805271	2024-06-05 20:22:50.401
314	3	2024-06-05 20:22:00	0.163736	2024-06-05 20:22:50.408
315	2	2024-06-05 20:21:00	3871.261537	2024-06-05 20:22:50.41
316	1	2024-06-05 20:22:00	71301.805271	2024-06-05 20:23:52.619
317	3	2024-06-05 20:22:00	0.163736	2024-06-05 20:23:52.626
318	2	2024-06-05 20:21:00	3871.261537	2024-06-05 20:23:52.629
319	1	2024-06-05 20:24:00	71324.816558	2024-06-05 20:24:54.878
320	3	2024-06-05 20:24:00	0.163729	2024-06-05 20:24:54.885
321	2	2024-06-05 20:23:00	3867.653755	2024-06-05 20:24:54.887
322	1	2024-06-05 20:25:00	71333.314512	2024-06-05 20:25:57.064
323	3	2024-06-05 20:25:00	0.163696	2024-06-05 20:25:57.071
324	2	2024-06-05 20:24:00	3868.553543	2024-06-05 20:25:57.073
325	1	2024-06-05 20:26:00	71335.576593	2024-06-05 20:26:59.437
326	3	2024-06-05 20:26:00	0.163698	2024-06-05 20:26:59.446
327	2	2024-06-05 20:25:00	3868.317631	2024-06-05 20:26:59.448
328	1	2024-06-05 20:27:00	71346.071288	2024-06-05 20:28:01.748
329	3	2024-06-05 20:27:00	0.163691	2024-06-05 20:28:01.752
330	2	2024-06-05 20:26:00	3867.469126	2024-06-05 20:28:01.754
331	1	2024-06-05 20:27:00	71346.071288	2024-06-05 20:29:03.943
332	3	2024-06-05 20:27:00	0.163691	2024-06-05 20:29:03.949
333	2	2024-06-05 20:26:00	3867.469126	2024-06-05 20:29:03.952
334	1	2024-06-05 20:29:00	71307.278108	2024-06-05 20:30:06.05
335	3	2024-06-05 20:29:00	0.163611	2024-06-05 20:30:06.056
336	2	2024-06-05 20:28:00	3866.145871	2024-06-05 20:30:06.058
337	1	2024-06-05 20:30:00	71283.570078	2024-06-05 20:31:08.236
338	3	2024-06-05 20:30:00	0.163598	2024-06-05 20:31:08.243
339	2	2024-06-05 20:29:00	3864.699824	2024-06-05 20:31:08.245
340	1	2024-06-05 20:30:00	71283.570078	2024-06-05 20:32:10.422
341	3	2024-06-05 20:31:00	0.163502	2024-06-05 20:32:10.428
342	2	2024-06-05 20:30:00	3864.529934	2024-06-05 20:32:10.43
343	1	2024-06-05 20:32:00	71235.070854	2024-06-05 20:33:12.598
344	3	2024-06-05 20:32:00	0.163506	2024-06-05 20:33:12.602
345	2	2024-06-05 20:31:00	3865.447544	2024-06-05 20:33:12.605
346	1	2024-06-05 20:33:00	71248.920133	2024-06-05 20:34:16.186
347	3	2024-06-05 20:33:00	0.163507	2024-06-05 20:34:16.19
348	2	2024-06-05 20:32:00	3865.603928	2024-06-05 20:34:16.192
349	1	2024-06-05 20:33:00	71248.920133	2024-06-05 20:35:18.368
350	3	2024-06-05 20:34:00	0.163563	2024-06-05 20:35:18.375
351	2	2024-06-05 20:33:00	3865.976975	2024-06-05 20:35:18.377
352	1	2024-06-05 20:35:00	71254.087038	2024-06-05 20:36:20.502
353	3	2024-06-05 20:35:00	0.163581	2024-06-05 20:36:20.508
354	2	2024-06-05 20:34:00	3866.527201	2024-06-05 20:36:20.511
355	1	2024-06-05 20:36:00	71263.521242	2024-06-05 20:37:22.725
356	3	2024-06-05 20:36:00	0.163551	2024-06-05 20:37:22.731
357	2	2024-06-05 20:35:00	3868.459758	2024-06-05 20:37:22.733
358	1	2024-06-05 20:36:00	71263.521242	2024-06-05 20:38:24.954
359	3	2024-06-05 20:37:00	0.163589	2024-06-05 20:38:24.957
360	2	2024-06-05 20:36:00	3867.200768	2024-06-05 20:38:24.959
361	1	2024-06-05 20:38:00	71260.027584	2024-06-05 20:39:27.095
362	3	2024-06-05 20:38:00	0.163600	2024-06-05 20:39:27.104
363	2	2024-06-05 20:37:00	3866.505178	2024-06-05 20:39:27.106
364	1	2024-06-05 20:39:00	71258.555297	2024-06-05 20:40:29.248
365	3	2024-06-05 20:39:00	0.163597	2024-06-05 20:40:29.255
366	2	2024-06-05 20:38:00	3867.107578	2024-06-05 20:40:29.257
367	1	2024-06-05 20:39:00	71258.555297	2024-06-05 20:41:31.404
368	3	2024-06-05 20:39:00	0.163597	2024-06-05 20:41:31.408
369	2	2024-06-05 20:38:00	3867.107578	2024-06-05 20:41:31.41
370	1	2024-06-05 20:41:00	71235.623478	2024-06-05 20:42:36.657
371	3	2024-06-05 20:41:00	0.163606	2024-06-05 20:42:36.664
372	2	2024-06-05 20:40:00	3867.669908	2024-06-05 20:42:36.666
373	1	2024-06-05 20:42:00	71229.442263	2024-06-05 20:43:38.745
374	3	2024-06-05 20:42:00	0.163608	2024-06-05 20:43:38.751
375	2	2024-06-05 20:41:00	3866.652984	2024-06-05 20:43:38.753
376	1	2024-06-05 20:42:00	71229.442263	2024-06-05 20:44:40.97
377	3	2024-06-05 20:43:00	0.163609	2024-06-05 20:44:40.975
378	2	2024-06-05 20:42:00	3866.966586	2024-06-05 20:44:40.977
379	1	2024-06-05 20:44:00	71236.740202	2024-06-05 20:45:43.203
380	3	2024-06-05 20:44:00	0.163620	2024-06-05 20:45:43.21
381	2	2024-06-05 20:43:00	3866.048130	2024-06-05 20:45:43.213
382	1	2024-06-05 20:45:00	71237.969195	2024-06-05 20:46:45.444
383	3	2024-06-05 20:46:00	0.163639	2024-06-05 20:46:45.45
384	2	2024-06-05 20:45:00	3865.741220	2024-06-05 20:46:45.452
385	1	2024-06-05 20:45:00	71237.969195	2024-06-05 20:47:47.6
386	3	2024-06-05 20:46:00	0.163639	2024-06-05 20:47:47.606
387	2	2024-06-05 20:45:00	3865.741220	2024-06-05 20:47:47.608
388	1	2024-06-05 20:48:00	71229.629961	2024-06-05 20:48:49.663
389	3	2024-06-05 20:48:00	0.163635	2024-06-05 20:48:49.67
390	2	2024-06-05 20:47:00	3865.043804	2024-06-05 20:48:49.672
391	1	2024-06-05 20:48:00	71229.629961	2024-06-05 20:49:51.883
392	3	2024-06-05 20:48:00	0.163635	2024-06-05 20:49:51.889
393	2	2024-06-05 20:47:00	3865.043804	2024-06-05 20:49:51.891
394	1	2024-06-05 20:50:00	71233.056458	2024-06-05 20:50:54.069
395	3	2024-06-05 20:50:00	0.163665	2024-06-05 20:50:54.075
396	2	2024-06-05 20:49:00	3864.624235	2024-06-05 20:50:54.077
397	1	2024-06-05 20:51:00	71229.669661	2024-06-05 20:51:56.28
398	3	2024-06-05 20:51:00	0.163663	2024-06-05 20:51:56.287
399	2	2024-06-05 20:50:00	3865.455151	2024-06-05 20:51:56.289
400	1	2024-06-05 20:51:00	71229.669661	2024-06-05 20:52:58.486
401	3	2024-06-05 20:51:00	0.163663	2024-06-05 20:52:58.49
402	2	2024-06-05 20:50:00	3865.455151	2024-06-05 20:52:58.492
403	1	2024-06-05 20:53:00	71260.902953	2024-06-05 20:54:00.641
404	3	2024-06-05 20:53:00	0.163732	2024-06-05 20:54:00.647
405	2	2024-06-05 20:52:00	3868.158946	2024-06-05 20:54:00.65
406	1	2024-06-05 20:54:00	71242.230657	2024-06-05 20:55:02.847
407	3	2024-06-05 20:54:00	0.163724	2024-06-05 20:55:02.852
408	2	2024-06-05 20:53:00	3868.786793	2024-06-05 20:55:02.854
409	1	2024-06-05 20:54:00	71242.230657	2024-06-05 20:56:05.007
410	3	2024-06-05 20:55:00	0.163756	2024-06-05 20:56:05.011
411	2	2024-06-05 20:54:00	3867.040785	2024-06-05 20:56:05.013
412	1	2024-06-05 20:56:00	71235.718110	2024-06-05 20:57:07.042
413	3	2024-06-05 20:56:00	0.163751	2024-06-05 20:57:07.062
414	2	2024-06-05 20:55:00	3867.050396	2024-06-05 20:57:07.065
415	1	2024-06-05 20:57:00	71226.925408	2024-06-05 20:58:09.114
416	3	2024-06-05 20:57:00	0.163749	2024-06-05 20:58:09.121
417	2	2024-06-05 20:56:00	3866.613391	2024-06-05 20:58:09.123
418	1	2024-06-05 20:57:00	71226.925408	2024-06-05 20:59:11.359
419	3	2024-06-05 20:58:00	0.163731	2024-06-05 20:59:11.367
420	2	2024-06-05 20:57:00	3865.833669	2024-06-05 20:59:11.369
421	1	2024-06-05 20:59:00	71238.010034	2024-06-05 21:00:13.505
422	3	2024-06-05 20:59:00	0.163739	2024-06-05 21:00:13.512
423	2	2024-06-05 20:58:00	3865.218875	2024-06-05 21:00:13.514
424	1	2024-06-05 21:00:00	71221.788584	2024-06-05 21:01:15.776
425	3	2024-06-05 21:00:00	0.163738	2024-06-05 21:01:15.796
426	2	2024-06-05 20:59:00	3864.847539	2024-06-05 21:01:15.799
427	1	2024-06-05 21:01:00	71209.081449	2024-06-05 21:02:17.805
428	3	2024-06-05 21:01:00	0.163773	2024-06-05 21:02:17.812
429	2	2024-06-05 21:00:00	3864.467697	2024-06-05 21:02:17.814
430	1	2024-06-05 21:02:00	71207.228899	2024-06-05 21:03:19.916
431	3	2024-06-05 21:02:00	0.163788	2024-06-05 21:03:19.923
432	2	2024-06-05 21:01:00	3864.756946	2024-06-05 21:03:19.926
433	1	2024-06-05 21:03:00	71215.009387	2024-06-05 21:04:22.073
434	3	2024-06-05 21:03:00	0.163783	2024-06-05 21:04:22.079
435	2	2024-06-05 21:02:00	3864.230269	2024-06-05 21:04:22.082
436	1	2024-06-05 21:03:00	71215.009387	2024-06-05 21:05:24.398
437	3	2024-06-05 21:03:00	0.163783	2024-06-05 21:05:24.406
438	2	2024-06-05 21:02:00	3864.230269	2024-06-05 21:05:24.409
439	1	2024-06-05 21:04:00	71198.434742	2024-06-05 21:06:26.675
440	3	2024-06-05 21:05:00	0.163869	2024-06-05 21:06:26.679
441	2	2024-06-05 21:04:00	3863.929726	2024-06-05 21:06:26.681
442	1	2024-06-05 21:06:00	71164.966973	2024-06-05 21:07:28.85
443	3	2024-06-05 21:06:00	0.163858	2024-06-05 21:07:28.857
444	2	2024-06-05 21:05:00	3864.748405	2024-06-05 21:07:28.859
445	1	2024-06-05 21:06:00	71164.966973	2024-06-05 21:08:31.315
446	3	2024-06-05 21:07:00	0.163823	2024-06-05 21:08:31.322
447	2	2024-06-05 21:06:00	3858.516382	2024-06-05 21:08:31.324
448	1	2024-06-05 21:08:00	71172.233540	2024-06-05 21:09:33.482
449	3	2024-06-05 21:08:00	0.163815	2024-06-05 21:09:33.491
450	2	2024-06-05 21:07:00	3859.838074	2024-06-05 21:09:33.493
451	1	2024-06-05 21:09:00	71176.360167	2024-06-05 21:10:37.914
452	3	2024-06-05 21:09:00	0.163793	2024-06-05 21:10:37.921
453	2	2024-06-05 21:08:00	3858.610088	2024-06-05 21:10:37.922
454	1	2024-06-05 21:10:00	71178.716140	2024-06-05 21:11:40.093
455	3	2024-06-05 21:10:00	0.163710	2024-06-05 21:11:40.1
456	2	2024-06-05 21:09:00	3857.654981	2024-06-05 21:11:40.103
457	1	2024-06-05 21:11:00	71160.528638	2024-06-05 21:12:42.294
458	3	2024-06-05 21:11:00	0.163706	2024-06-05 21:12:42.3
459	2	2024-06-05 21:10:00	3859.073182	2024-06-05 21:12:42.302
460	1	2024-06-05 21:12:00	71123.871313	2024-06-05 21:13:44.316
461	3	2024-06-05 21:12:00	0.163661	2024-06-05 21:13:44.323
462	2	2024-06-05 21:11:00	3857.947402	2024-06-05 21:13:44.325
463	1	2024-06-05 21:12:00	71123.871313	2024-06-05 21:14:46.477
464	3	2024-06-05 21:13:00	0.163564	2024-06-05 21:14:46.484
465	2	2024-06-05 21:12:00	3857.107290	2024-06-05 21:14:46.486
466	1	2024-06-05 21:15:00	71134.363587	2024-06-05 21:15:48.74
467	3	2024-06-05 21:15:00	0.163633	2024-06-05 21:15:48.747
468	2	2024-06-05 21:14:00	3857.527576	2024-06-05 21:15:48.749
469	1	2024-06-05 21:15:00	71134.363587	2024-06-05 21:16:51.008
470	3	2024-06-05 21:15:00	0.163633	2024-06-05 21:16:51.015
471	2	2024-06-05 21:14:00	3857.527576	2024-06-05 21:16:51.017
472	1	2024-06-05 21:16:00	71130.047492	2024-06-05 21:17:53.183
473	3	2024-06-05 21:16:00	0.163759	2024-06-05 21:17:53.189
474	2	2024-06-05 21:15:00	3858.665496	2024-06-05 21:17:53.192
475	1	2024-06-05 21:18:00	71119.794231	2024-06-05 21:18:55.487
476	3	2024-06-05 21:18:00	0.163760	2024-06-05 21:18:55.494
477	2	2024-06-05 21:17:00	3856.580939	2024-06-05 21:18:55.496
478	1	2024-06-05 21:18:00	71119.794231	2024-06-05 21:19:57.631
479	3	2024-06-05 21:18:00	0.163760	2024-06-05 21:19:57.634
480	2	2024-06-05 21:17:00	3856.580939	2024-06-05 21:19:57.636
\.


--
-- Data for Name: Symbol; Type: TABLE DATA; Schema: public; Owner: johndoe
--

COPY public."Symbol" ("Id", "Name", "Symbol", "Slug") FROM stdin;
1	Bitcoin	BTC	bitcoin
2	Ethereum	ETH	ethereum
3	Dogecoin	DOGE	dogecoin
\.


--
-- Data for Name: User; Type: TABLE DATA; Schema: public; Owner: johndoe
--

COPY public."User" (id, key) FROM stdin;
\.


--
-- Data for Name: _prisma_migrations; Type: TABLE DATA; Schema: public; Owner: johndoe
--

COPY public._prisma_migrations (id, checksum, finished_at, migration_name, logs, rolled_back_at, started_at, applied_steps_count) FROM stdin;
5c60d946-3ca8-4e7d-8623-5d592a5f5da1	1a4eade2eaa9df608b1d0e9a98f0bb2d4a105cc076ed2c495ba68ecc3638f869	2024-06-05 18:15:43.308024+00	20240605174048_init	\N	\N	2024-06-05 18:15:43.285212+00	1
9199fa60-e582-4899-9f7f-9c3fadb5d533	5a06e9e7da51efc3a3a5697f48f6572e6f78cd202b034f8addb14634d77f7ac9	2024-06-05 18:15:43.31781+00	20240605181504_moreprice	\N	\N	2024-06-05 18:15:43.309707+00	1
b60958f7-8e1b-4e04-b7d1-dfb8754efcf5	5a42ed8d5721a1e7102fccebed3091c728a447934fb2118c7b67bdf1e14825a5	2024-06-05 18:15:43.762244+00	20240605181543_moreprice	\N	\N	2024-06-05 18:15:43.756983+00	1
aaa0d9b0-d543-42fa-bc3c-f19787870084	7cf5db4341c352a9230ad3fe8bb0f6aca213da881445f8d19ad08dd730856fc9	2024-06-05 18:28:50.168087+00	20240605182850_moretime	\N	\N	2024-06-05 18:28:50.162236+00	1
\.


--
-- Name: Quote_Id_seq; Type: SEQUENCE SET; Schema: public; Owner: johndoe
--

SELECT pg_catalog.setval('public."Quote_Id_seq"', 480, true);


--
-- Name: Symbol_Id_seq; Type: SEQUENCE SET; Schema: public; Owner: johndoe
--

SELECT pg_catalog.setval('public."Symbol_Id_seq"', 3, true);


--
-- Name: User_id_seq; Type: SEQUENCE SET; Schema: public; Owner: johndoe
--

SELECT pg_catalog.setval('public."User_id_seq"', 1, false);


--
-- Name: Quote Quote_pkey; Type: CONSTRAINT; Schema: public; Owner: johndoe
--

ALTER TABLE ONLY public."Quote"
    ADD CONSTRAINT "Quote_pkey" PRIMARY KEY ("Id");


--
-- Name: Symbol Symbol_pkey; Type: CONSTRAINT; Schema: public; Owner: johndoe
--

ALTER TABLE ONLY public."Symbol"
    ADD CONSTRAINT "Symbol_pkey" PRIMARY KEY ("Id");


--
-- Name: User User_pkey; Type: CONSTRAINT; Schema: public; Owner: johndoe
--

ALTER TABLE ONLY public."User"
    ADD CONSTRAINT "User_pkey" PRIMARY KEY (id);


--
-- Name: _prisma_migrations _prisma_migrations_pkey; Type: CONSTRAINT; Schema: public; Owner: johndoe
--

ALTER TABLE ONLY public._prisma_migrations
    ADD CONSTRAINT _prisma_migrations_pkey PRIMARY KEY (id);


--
-- Name: Symbol_Symbol_key; Type: INDEX; Schema: public; Owner: johndoe
--

CREATE UNIQUE INDEX "Symbol_Symbol_key" ON public."Symbol" USING btree ("Symbol");


--
-- Name: User_key_key; Type: INDEX; Schema: public; Owner: johndoe
--

CREATE UNIQUE INDEX "User_key_key" ON public."User" USING btree (key);


--
-- Name: Quote Quote_SymbolId_fkey; Type: FK CONSTRAINT; Schema: public; Owner: johndoe
--

ALTER TABLE ONLY public."Quote"
    ADD CONSTRAINT "Quote_SymbolId_fkey" FOREIGN KEY ("SymbolId") REFERENCES public."Symbol"("Id") ON UPDATE CASCADE ON DELETE RESTRICT;


--
-- Name: SCHEMA public; Type: ACL; Schema: -; Owner: johndoe
--

REVOKE USAGE ON SCHEMA public FROM PUBLIC;


--
-- PostgreSQL database dump complete
--

